   dates/labels,                posterior mean,        posterior 5\% quantile,       posterior 95\% quantile
        1995Apr,        3.0279500644392447e+00,        1.8108108485967804e+00,        4.2414631386270614e+00
        1995May,        3.0484706570741151e+00,        1.8378995102582962e+00,        4.2383463445886491e+00
        1995Jun,        3.0797371861450347e+00,        1.8890129235529045e+00,        4.2729327228705927e+00
        1995Jul,        3.1091923116544411e+00,        1.9122637601873422e+00,        4.2919171697459291e+00
        1995Aug,        2.9700791089893790e+00,        1.8553382881667630e+00,        4.1183542485433975e+00
        1995Sep,        2.8352354133288871e+00,        1.7558759540841822e+00,        3.9067112648553497e+00
        1995Oct,        2.6951612074278244e+00,        1.6863874940000727e+00,        3.6991785153131742e+00
        1995Nov,        2.5854312765992029e+00,        1.6072871274913965e+00,        3.5856370451158490e+00
        1995Dec,        2.4777145166709555e+00,        1.5132964282228869e+00,        3.4551262474849125e+00
        1996Jan,        2.3721983486403220e+00,        1.4557531546801954e+00,        3.2789168509811049e+00
        1996Feb,        2.2384004542314377e+00,        1.3012692388479792e+00,        3.1570805487497466e+00
        1996Mar,        2.1053641738402153e+00,        1.2206117070359426e+00,        3.0012559234594391e+00
        1996Apr,        1.9787661734853979e+00,        1.1237758876938813e+00,        2.8404404293678454e+00
        1996May,        1.8350527392705414e+00,        9.7686042891278646e-01,        2.7132036929492358e+00
        1996Jun,        1.7016002773530803e+00,        8.5108655162672164e-01,        2.5799143895563361e+00
        1996Jul,        1.5606606830922123e+00,        7.3214758500145649e-01,        2.4089949891113775e+00
        1996Aug,        1.3997210394324207e+00,        5.3862331797839147e-01,        2.2219814527970385e+00
        1996Sep,        1.2352154119250938e+00,        3.4384962200209657e-01,        2.0547127194565462e+00
        1996Oct,        1.0798175813660267e+00,        1.9315293444377346e-01,        1.8918058946177183e+00
        1996Nov,        1.0436352255177632e+00,        1.9387945810078122e-01,        1.8151290940825788e+00
        1996Dec,        1.0103071476361889e+00,        2.1849008341417431e-01,        1.7301321865890991e+00
        1997Jan,        9.7433156780140628e-01,        2.5815900190646346e-01,        1.6315337375925623e+00
        1997Feb,        1.0639426719999421e+00,        4.6096228971990172e-01,        1.6180150071982666e+00
        1997Mar,        1.0780015138707260e+00,        5.6060897994724712e-01,        1.5837390546125789e+00
        1997Apr,        1.0283529099282513e+00,        5.2259554369179284e-01,        1.5110254159209937e+00
        1997May,        1.1688921936630485e+00,        6.9334828852990427e-01,        1.6247176029803541e+00
        1997Jun,        1.1796870963444024e+00,        7.2637602527088063e-01,        1.6279243119363116e+00
        1997Jul,        1.2813101062822105e+00,        8.4418642679750633e-01,        1.7119289015740051e+00
        1997Aug,        1.3898006140201173e+00,        9.6273534801252936e-01,        1.8211400238839053e+00
        1997Sep,        1.4516442346133884e+00,        1.0240589259695270e+00,        1.8881571014784271e+00
        1997Oct,        1.4541044826478127e+00,        1.0263992470550516e+00,        1.8856321302258365e+00
        1997Nov,        1.5793241632302328e+00,        1.1427150067112564e+00,        1.9994668286309079e+00
        1997Dec,        1.5954875624954081e+00,        1.1628260682615448e+00,        2.0432609381942726e+00
        1998Jan,        1.5737567720068295e+00,        1.1481258004481241e+00,        1.9970422898378501e+00
        1998Feb,        1.6695126215741058e+00,        1.2363176688920703e+00,        2.1073053290425321e+00
        1998Mar,        1.7409655041926118e+00,        1.3152906220507319e+00,        2.1491547008705538e+00
        1998Apr,        1.8573976800432932e+00,        1.4288156125983562e+00,        2.2857145898202873e+00
        1998May,        1.8248851174462670e+00,        1.3866443833182363e+00,        2.2633370724532540e+00
        1998Jun,        1.6998307463729592e+00,        1.2884344105702183e+00,        2.1243508946810579e+00
        1998Jul,        1.5847415744308633e+00,        1.1618859471705179e+00,        2.0073564563630395e+00
        1998Aug,        1.6475907477149065e+00,        1.2310182276293347e+00,        2.0661497966296167e+00
        1998Sep,        1.5842540204208702e+00,        1.1618634179402250e+00,        2.0028634885860157e+00
        1998Oct,        1.5065740255085633e+00,        1.0940506697680803e+00,        1.9360491266031090e+00
        1998Nov,        1.2889332571635839e+00,        8.5081363805448973e-01,        1.7246819835651657e+00
        1998Dec,        1.1451687859850530e+00,        7.1421100934881565e-01,        1.5732652392576227e+00
        1999Jan,        1.0572638529881961e+00,        6.1928917221922575e-01,        1.4883375335135014e+00
        1999Feb,        1.1517423813567016e+00,        7.3441397318820378e-01,        1.5641793567942699e+00
        1999Mar,        1.2889716684914441e+00,        8.6315051571266821e-01,        1.6914472871214912e+00
        1999Apr,        1.3301738789457298e+00,        9.0744791604298669e-01,        1.7417456626969283e+00
        1999May,        1.2788189741602494e+00,        8.5908280778061652e-01,        1.6948408928613929e+00
        1999Jun,        1.2889346825161996e+00,        8.6363599587744488e-01,        1.7152189451570905e+00
        1999Jul,        1.3001563047091778e+00,        8.8014234577039119e-01,        1.7144006451887606e+00
        1999Aug,        1.2247373179722951e+00,        8.0054190439216910e-01,        1.6511842404127464e+00
        1999Sep,        1.1667929924948075e+00,        7.3321342457509076e-01,        1.6031567521970373e+00
        1999Oct,        1.2703493606147120e+00,        8.4751733514440275e-01,        1.6933707855652926e+00
        1999Nov,        1.3133163191587518e+00,        8.7112451277969427e-01,        1.7556820462616933e+00
        1999Dec,        1.2309014975867558e+00,        7.9877201702015554e-01,        1.6597854205923852e+00
        2000Jan,        1.1369196216438426e+00,        6.9525720631926902e-01,        1.5701609055587653e+00
        2000Feb,        1.0955146283744583e+00,        6.3796598254928938e-01,        1.5391997491826608e+00
        2000Mar,        1.1333619365158172e+00,        6.6623930217100735e-01,        1.5826464830722990e+00
        2000Apr,        1.1976836979809116e+00,        7.4592162684135133e-01,        1.6407347521082727e+00
        2000May,        1.2800138898739835e+00,        8.0591934210064409e-01,        1.7454546905492947e+00
        2000Jun,        1.4476333380036335e+00,        9.8497867573350106e-01,        1.9039042608531673e+00
        2000Jul,        1.5238638457844325e+00,        1.0702071351794586e+00,        1.9856943341936457e+00
        2000Aug,        1.6288344146623994e+00,        1.1510649302350444e+00,        2.0990238587816350e+00
        2000Sep,        1.6781211031714531e+00,        1.1934334425154915e+00,        2.1511876632187636e+00
        2000Oct,        1.7182795806035305e+00,        1.2391434275533584e+00,        2.1960200368928069e+00
        2000Nov,        1.7277606783580064e+00,        1.2422365205709127e+00,        2.2216733662300214e+00
        2000Dec,        1.6682709520266279e+00,        1.1619208404674559e+00,        2.1823716301844485e+00
        2001Jan,        1.7761969147930152e+00,        1.2792223455601430e+00,        2.2783495280289716e+00
        2001Feb,        1.8981010629728323e+00,        1.3981128266360940e+00,        2.3964425719455207e+00
        2001Mar,        2.0451232157440371e+00,        1.5643980875838679e+00,        2.5322782940150148e+00
        2001Apr,        2.1996958194727227e+00,        1.7236820730615960e+00,        2.6617514704663847e+00
        2001May,        2.2910152458540902e+00,        1.8253509871580675e+00,        2.7543170655686424e+00
        2001Jun,        2.4114684831625186e+00,        1.9438928869595600e+00,        2.8820287873651580e+00
        2001Jul,        2.5073440649023868e+00,        2.0498439182576291e+00,        2.9542627969009279e+00
        2001Aug,        2.5436465235506245e+00,        2.0805054556092273e+00,        2.9971428098573085e+00
        2001Sep,        2.5912805020436038e+00,        2.1177649825782687e+00,        3.0459307850872790e+00
        2001Oct,        2.6547591210915238e+00,        2.1946302353815668e+00,        3.1336811609632491e+00
        2001Nov,        2.6679433874729668e+00,        2.1910268803978603e+00,        3.1407141328612340e+00
        2001Dec,        2.6923512934131688e+00,        2.2033532924799886e+00,        3.1797970879042339e+00
        2002Jan,        2.7353215300720337e+00,        2.2441271822372926e+00,        3.2344613683246166e+00
        2002Feb,        2.5797140862239405e+00,        2.1097944438185081e+00,        3.0420101418948917e+00
        2002Mar,        2.4274047946840738e+00,        1.9588819991355351e+00,        2.8825610584509747e+00
        2002Apr,        2.3145518126659073e+00,        1.8663287015251058e+00,        2.7666605506674102e+00
        2002May,        2.3172080013852425e+00,        1.8621350349683876e+00,        2.7680603641396146e+00
        2002Jun,        2.3139884541039661e+00,        1.8719624082667110e+00,        2.7585941250215029e+00
        2002Jul,        2.3128876029720415e+00,        1.8959960156081621e+00,        2.7441789574138360e+00
        2002Aug,        2.1821249765204516e+00,        1.7534134917891908e+00,        2.6099732173091468e+00
        2002Sep,        2.1084442039883502e+00,        1.6736715513473825e+00,        2.5394053955023423e+00
        2002Oct,        2.0952185623113766e+00,        1.6740763484626413e+00,        2.5127689498941841e+00
        2002Nov,        2.1007349401523570e+00,        1.6653345215868871e+00,        2.5263993097324828e+00
        2002Dec,        2.0616852901537648e+00,        1.6371076116721808e+00,        2.4992707416970514e+00
        2003Jan,        2.0628980808807995e+00,        1.6498248241653473e+00,        2.4995052922095651e+00
        2003Feb,        2.0453380191762762e+00,        1.6186022005443021e+00,        2.4789013449796329e+00
        2003Mar,        2.0627074367054070e+00,        1.6488019137768006e+00,        2.4804355061156400e+00
        2003Apr,        2.0266352504588854e+00,        1.6139144376863719e+00,        2.4379942138340649e+00
        2003May,        1.9961377147484334e+00,        1.5790641152567773e+00,        2.4107033343309752e+00
        2003Jun,        1.9726041215738175e+00,        1.5536578972337338e+00,        2.3926305539017960e+00
        2003Jul,        1.9599556158173719e+00,        1.5389255974450577e+00,        2.3718113132472407e+00
        2003Aug,        1.9332829737088826e+00,        1.5053112431913362e+00,        2.3568332160296279e+00
        2003Sep,        1.9446309175715759e+00,        1.5384645037823752e+00,        2.3509719131837272e+00
        2003Oct,        1.9020184627560401e+00,        1.4872617996430577e+00,        2.3089167922120168e+00
        2003Nov,        1.9413851637391166e+00,        1.5053372013578610e+00,        2.3672962088389742e+00
        2003Dec,        2.0467521008256369e+00,        1.6302850808918201e+00,        2.4756674084043304e+00
        2004Jan,        2.1714108369053702e+00,        1.7420475021750192e+00,        2.6073265132956465e+00
        2004Feb,        2.1630645484811351e+00,        1.7360660108978578e+00,        2.6075598124631370e+00
        2004Mar,        2.1104421270640801e+00,        1.6755759031665036e+00,        2.5534087732746187e+00
        2004Apr,        2.0781066564560544e+00,        1.6569659346194499e+00,        2.4977119136256789e+00
        2004May,        1.9914357373921943e+00,        1.5638227958805260e+00,        2.4158503425840365e+00
        2004Jun,        1.9430984287997288e+00,        1.5248973241409374e+00,        2.3607684639605395e+00
        2004Jul,        1.8831670453840432e+00,        1.4717802104584479e+00,        2.2824053981438652e+00
        2004Aug,        1.8608465718357774e+00,        1.4465008914052078e+00,        2.2685159337188772e+00
        2004Sep,        1.7980678446291367e+00,        1.3795782657539917e+00,        2.2081481671182956e+00
        2004Oct,        1.7799252156984888e+00,        1.3774820715159279e+00,        2.1809646082968470e+00
        2004Nov,        1.7512092156424719e+00,        1.3462151866475587e+00,        2.1598439349576211e+00
        2004Dec,        1.7152000532167571e+00,        1.3119963082023887e+00,        2.1178047444243049e+00
        2005Jan,        1.6388652194249764e+00,        1.2383775285465788e+00,        2.0378057756720533e+00
        2005Feb,        1.5892110005652689e+00,        1.1704375693058324e+00,        2.0012454871174601e+00
        2005Mar,        1.6054563026208672e+00,        1.2029434942221489e+00,        2.0114462002206253e+00
        2005Apr,        1.6201551888983656e+00,        1.2109467404984642e+00,        2.0206147045397245e+00
        2005May,        1.6228329068741199e+00,        1.2126846668376743e+00,        2.0116786399738444e+00
        2005Jun,        1.6055839386296602e+00,        1.1966814318878107e+00,        2.0130343221406974e+00
        2005Jul,        1.6358816972025170e+00,        1.2320088415661559e+00,        2.0333569790600876e+00
        2005Aug,        1.6802906357462428e+00,        1.2800423088003754e+00,        2.0784462547408395e+00
        2005Sep,        1.7185070969300769e+00,        1.3258240610035710e+00,        2.1164868023196490e+00
        2005Oct,        1.7603557740556925e+00,        1.3586055300776678e+00,        2.1509922351207038e+00
        2005Nov,        1.7091902789741027e+00,        1.2977931297199063e+00,        2.1176468436669182e+00
        2005Dec,        1.6540934616536014e+00,        1.2434077668098240e+00,        2.0550084699263422e+00
        2006Jan,        1.6338349497877478e+00,        1.2169103572128961e+00,        2.0318897891171090e+00
        2006Feb,        1.6922494115889148e+00,        1.2813079271910226e+00,        2.0932925705201848e+00
        2006Mar,        1.7753383395467690e+00,        1.3756102468338867e+00,        2.1813037604692749e+00
        2006Apr,        1.8468629343904093e+00,        1.4380254482659751e+00,        2.2397145607604898e+00
        2006May,        1.9039860839581331e+00,        1.5081264912975314e+00,        2.3061920351216827e+00
        2006Jun,        1.9456488241553880e+00,        1.5591397266272988e+00,        2.3386128655794778e+00
        2006Jul,        1.9595976165252469e+00,        1.5660392769920932e+00,        2.3555937472274877e+00
        2006Aug,        1.9788916648461623e+00,        1.5660937564675947e+00,        2.3905934954727286e+00
        2006Sep,        2.0403290461186390e+00,        1.6222798225015751e+00,        2.4436489006032218e+00
        2006Oct,        2.0958297719080652e+00,        1.6855558104993769e+00,        2.4995585234884397e+00
        2006Nov,        2.1595434469067984e+00,        1.7466717941905361e+00,        2.5729862960642826e+00
        2006Dec,        2.2313711732793244e+00,        1.8288472837247696e+00,        2.6507646904589706e+00
        2007Jan,        2.3158110075583784e+00,        1.8996049247200801e+00,        2.7479606756812700e+00
        2007Feb,        2.2635493144050387e+00,        1.8466114323884995e+00,        2.6810157658425240e+00
        2007Mar,        2.1993761215889811e+00,        1.7828897939883674e+00,        2.6060079258613236e+00
        2007Apr,        2.1884351042577261e+00,        1.7817261199035492e+00,        2.5946692973117358e+00
        2007May,        2.1079709175091983e+00,        1.7051023703097599e+00,        2.5133217749438472e+00
        2007Jun,        2.0225067112531550e+00,        1.6093295221556438e+00,        2.4339479587783259e+00
        2007Jul,        1.9919698186564010e+00,        1.5850483098771198e+00,        2.3966431896842604e+00
        2007Aug,        1.9601274150299559e+00,        1.5391265542165691e+00,        2.3954909011601089e+00
        2007Sep,        1.9850046508770913e+00,        1.5532310374254310e+00,        2.4340468161447433e+00
        2007Oct,        2.0585276832754218e+00,        1.6485320195639206e+00,        2.4896073554027418e+00
        2007Nov,        2.0866074800714771e+00,        1.6590260284032965e+00,        2.5202582821343640e+00
        2007Dec,        2.0811194317316981e+00,        1.6663468455548198e+00,        2.5038827145412768e+00
        2008Jan,        2.0751596798687966e+00,        1.6634669844882879e+00,        2.4884203767842052e+00
        2008Feb,        2.0329294680228269e+00,        1.6081829857994734e+00,        2.4580070205033024e+00
        2008Mar,        2.0203674807657515e+00,        1.5848425749444135e+00,        2.4394627865930261e+00
        2008Apr,        1.9730144080889909e+00,        1.5510667516224714e+00,        2.3996908637881518e+00
        2008May,        1.9651906850916943e+00,        1.5142672681070479e+00,        2.4037830664964659e+00
        2008Jun,        1.9308783825642557e+00,        1.4834453837799719e+00,        2.3639878594412451e+00
        2008Jul,        1.8706684782713130e+00,        1.4166923872128692e+00,        2.3063451566565902e+00
        2008Aug,        1.8686885347056710e+00,        1.4059269984478604e+00,        2.3159263748639631e+00
        2008Sep,        1.8475035882862787e+00,        1.3785968535131659e+00,        2.2880334651636076e+00
        2008Oct,        1.8072787732342257e+00,        1.3564354421927831e+00,        2.2543037135803985e+00
        2008Nov,        1.7342716855267952e+00,        1.2765544712039514e+00,        2.1985507922919680e+00
        2008Dec,        1.6257588123014239e+00,        1.1810557051774033e+00,        2.0742404545904733e+00
        2009Jan,        1.5385739457797232e+00,        1.1019868135764028e+00,        1.9771898908963124e+00
        2009Feb,        1.4675915271684963e+00,        1.0330491710686736e+00,        1.9004391161258809e+00
        2009Mar,        1.3790834170282862e+00,        9.5125280341440543e-01,        1.7848580405981807e+00
        2009Apr,        1.3055453891885820e+00,        8.7604900815679798e-01,        1.7126500166283982e+00
        2009May,        1.2392537990482102e+00,        8.1368682493582867e-01,        1.6519965108481358e+00
        2009Jun,        1.1789921803003174e+00,        7.6833307352772806e-01,        1.5776111247409972e+00
        2009Jul,        1.1445920712857491e+00,        7.2805777894228640e-01,        1.5441975972614159e+00
        2009Aug,        1.1748753834141572e+00,        7.7257681026979697e-01,        1.5801940705377433e+00
        2009Sep,        1.1779212492680304e+00,        7.8817135264839755e-01,        1.5721593851936149e+00
        2009Oct,        1.1726707779156378e+00,        7.7884583802884322e-01,        1.5487172099919917e+00
        2009Nov,        1.1767767230264641e+00,        7.8996601538673872e-01,        1.5598365887233001e+00
        2009Dec,        1.1875565608380214e+00,        7.8812081978671245e-01,        1.5734436471463482e+00
        2010Jan,        1.1435789778170999e+00,        7.5523131344847627e-01,        1.5217618013868517e+00
        2010Feb,        1.1313237526646027e+00,        7.4171960454388852e-01,        1.5187945414341151e+00
        2010Mar,        1.1535464022250821e+00,        7.6304417893486232e-01,        1.5371766727596423e+00
        2010Apr,        1.1984825503482894e+00,        8.2274059615125594e-01,        1.5724064294248592e+00
        2010May,        1.2737077356668352e+00,        9.0232097544006251e-01,        1.6431526364038689e+00
        2010Jun,        1.3612699298396231e+00,        9.9971715739920342e-01,        1.7239530433601544e+00
        2010Jul,        1.4355187045813795e+00,        1.0712444871613371e+00,        1.7952613857819699e+00
        2010Aug,        1.4564753333489642e+00,        1.0739628832867254e+00,        1.8163206938664196e+00
        2010Sep,        1.4871110759521375e+00,        1.1132671189594987e+00,        1.8579504822944912e+00
        2010Oct,        1.4966804308204336e+00,        1.1249173648159783e+00,        1.8663693819819662e+00
        2010Nov,        1.4888468752159392e+00,        1.1200025443897701e+00,        1.8623084207472971e+00
        2010Dec,        1.5159104976982618e+00,        1.1398405058629137e+00,        1.8888584282781267e+00
        2011Jan,        1.5849436448514971e+00,        1.2097992380618372e+00,        1.9659861241930301e+00
        2011Feb,        1.5960855788724866e+00,        1.2195189164569413e+00,        1.9679124077040768e+00
        2011Mar,        1.6006245086795206e+00,        1.2305193204630882e+00,        1.9752907287113430e+00
        2011Apr,        1.6284954990562681e+00,        1.2521977473829438e+00,        2.0006197227120062e+00
        2011May,        1.6316386221624211e+00,        1.2607548643469038e+00,        2.0130947371777257e+00
        2011Jun,        1.6719920500361054e+00,        1.2969859958533476e+00,        2.0381833619834744e+00
        2011Jul,        1.7154983658546490e+00,        1.3400792108176063e+00,        2.0874727584360926e+00
        2011Aug,        1.7532682261313866e+00,        1.3741992824141955e+00,        2.1269260819057934e+00
        2011Sep,        1.7373388805064705e+00,        1.3657660879034701e+00,        2.1105441728310765e+00
        2011Oct,        1.7415513277609382e+00,        1.3718896476460571e+00,        2.1102254327331451e+00
        2011Nov,        1.7534539278631469e+00,        1.3738721645788701e+00,        2.1194841713412806e+00
        2011Dec,        1.7673708986402299e+00,        1.3930948580745408e+00,        2.1456973317922916e+00
        2012Jan,        1.7841223453694650e+00,        1.4022280074495654e+00,        2.1551797533727566e+00
        2012Feb,        1.7339168865142336e+00,        1.3471343676608711e+00,        2.1137616417804566e+00
        2012Mar,        1.6966533923027509e+00,        1.3201427973729665e+00,        2.0606887437110117e+00
        2012Apr,        1.6642447620743237e+00,        1.2806820919479378e+00,        2.0468402584426002e+00
        2012May,        1.6160424829997657e+00,        1.2418203839277702e+00,        1.9988817225977620e+00
        2012Jun,        1.6190947140262955e+00,        1.2311793974496226e+00,        2.0076591132469730e+00
        2012Jul,        1.5839557132743385e+00,        1.2020353422569272e+00,        1.9673397015872354e+00
        2012Aug,        1.5372782620726926e+00,        1.1554059787764412e+00,        1.9116375500650804e+00
        2012Sep,        1.5243849065269621e+00,        1.1421470930994246e+00,        1.8949830964175334e+00
        2012Oct,        1.4960884605462963e+00,        1.1198725999269925e+00,        1.8737565320594456e+00
        2012Nov,        1.4658697438763753e+00,        1.0788610239670504e+00,        1.8517174000941026e+00
        2012Dec,        1.4535691246831137e+00,        1.0615177254099848e+00,        1.8443650806841845e+00
        2013Jan,        1.3961646070772658e+00,        1.0141304706697554e+00,        1.7886996123847183e+00
        2013Feb,        1.3114141186347772e+00,        9.1163493564990006e-01,        1.6925982918786104e+00
        2013Mar,        1.2770774746989795e+00,        8.8993474696496833e-01,        1.6748651027796768e+00
        2013Apr,        1.1734262037447332e+00,        7.6600201076730379e-01,        1.5533644555555668e+00
        2013May,        1.1349915416326963e+00,        7.3745952367374912e-01,        1.5215979105903870e+00
        2013Jun,        1.0943099916579349e+00,        6.8029308563763635e-01,        1.4799623410721381e+00
        2013Jul,        1.0454005843914835e+00,        6.4641676432816730e-01,        1.4292231949320637e+00
        2013Aug,        1.0388044630007518e+00,        6.3285483378472307e-01,        1.4292868857901784e+00
        2013Sep,        1.0453863055935739e+00,        6.3707797047682391e-01,        1.4326557181515511e+00
        2013Oct,        1.0313577828181362e+00,        6.2656426258245013e-01,        1.4230384182662732e+00
        2013Nov,        1.1065089803714963e+00,        6.9993162819497812e-01,        1.5097362282002154e+00
        2013Dec,        1.1511780776891232e+00,        7.5019296527499790e-01,        1.5633086493421047e+00
        2014Jan,        1.1903044382485857e+00,        7.7664682329050549e-01,        1.5942448023247273e+00
        2014Feb,        1.1374544092669614e+00,        7.2906044925158398e-01,        1.5524697739851661e+00
        2014Mar,        1.0336667669870894e+00,        6.1601612629289448e-01,        1.4432396510790397e+00
        2014Apr,        9.6953324277438035e-01,        5.5857126842380467e-01,        1.3809071290405655e+00
        2014May,        9.1996850035040001e-01,        4.8932680554071339e-01,        1.3388637417130269e+00
        2014Jun,        9.5770963333291759e-01,        5.2348362233996681e-01,        1.3733483042674806e+00
        2014Jul,        9.9690979655287593e-01,        5.7369038828635155e-01,        1.4111947728528804e+00
        2014Aug,        1.0681003583866111e+00,        6.4218364791506044e-01,        1.4827252653779599e+00
        2014Sep,        1.1021215576375420e+00,        6.8436757995825193e-01,        1.5209308950786493e+00
        2014Oct,        1.1465818492266027e+00,        7.2140394212937053e-01,        1.5791020867290513e+00
        2014Nov,        1.2442091164063660e+00,        8.1265474044682051e-01,        1.6817203962084406e+00
        2014Dec,        1.3231281532691048e+00,        8.8094651689630155e-01,        1.7762381920334036e+00
        2015Jan,        1.3932946104566628e+00,        9.4692844061681569e-01,        1.8610152767889332e+00
        2015Feb,        1.3670719716977393e+00,        9.3550345649967426e-01,        1.8162972349174424e+00
        2015Mar,        1.3094899835488338e+00,        8.9858526621944890e-01,        1.7432903582246695e+00
        2015Apr,        1.2869393419597437e+00,        8.8728403310847170e-01,        1.7156652665868464e+00
        2015May,        1.2840617772045573e+00,        8.8058369637809975e-01,        1.6996167849881729e+00
        2015Jun,        1.2504317984150897e+00,        8.5907279398413294e-01,        1.6672485924484519e+00
        2015Jul,        1.2313501685388391e+00,        8.3966201369690019e-01,        1.6329194390761081e+00
        2015Aug,        1.2223491551715309e+00,        8.2535654101656064e-01,        1.6341475181624361e+00
        2015Sep,        1.2033987600297471e+00,        7.9841444554669749e-01,        1.6106399272290446e+00
        2015Oct,        1.1776207255126852e+00,        7.6835919355801252e-01,        1.5703072796411846e+00
        2015Nov,        1.1430367730926303e+00,        7.3563461065248248e-01,        1.5330832150655382e+00
        2015Dec,        1.0993749627192202e+00,        6.9564039716715698e-01,        1.4962025354146249e+00
        2016Jan,        1.0718855189336951e+00,        6.5501086716744084e-01,        1.4645625035649346e+00
        2016Feb,        1.0410825481925776e+00,        6.2943871057857059e-01,        1.4408981918077188e+00
        2016Mar,        1.0054514569792452e+00,        5.8710265404713624e-01,        1.4047422491110089e+00
        2016Apr,        9.4712520556710056e-01,        5.2517840083780243e-01,        1.3579849554824079e+00
        2016May,        1.0127577020317131e+00,        6.0673330886532995e-01,        1.4178650429841042e+00
        2016Jun,        1.0476770960190447e+00,        6.4816290275074095e-01,        1.4482860961692872e+00
        2016Jul,        1.0759904687921384e+00,        6.7741603632936176e-01,        1.4652137852410334e+00
        2016Aug,        1.1135331385982861e+00,        7.1524462352164164e-01,        1.5155588966091216e+00
        2016Sep,        1.1575055890568091e+00,        7.6206263266217888e-01,        1.5345313868262949e+00
        2016Oct,        1.1894766334123645e+00,        8.0236571433778181e-01,        1.5718577260268107e+00
        2016Nov,        1.2335344374154558e+00,        8.4279799124851706e-01,        1.6208618855509371e+00
        2016Dec,        1.2649081911534044e+00,        8.7259826407372088e-01,        1.6692227114065119e+00
        2017Jan,        1.2838370540350701e+00,        9.0803680426991562e-01,        1.6784125533629464e+00
        2017Feb,        1.3189663538725065e+00,        9.2949170851187324e-01,        1.7057801494146645e+00
        2017Mar,        1.3488285534232030e+00,        9.6006712991961507e-01,        1.7416501607051202e+00
        2017Apr,        1.3692222565673595e+00,        9.7385152282296872e-01,        1.7708159953294711e+00
        2017May,        1.3016636257375396e+00,        8.8456058704186091e-01,        1.7072375480139499e+00
        2017Jun,        1.2926501128117915e+00,        8.7541931699426367e-01,        1.7112569759241012e+00
        2017Jul,        1.2961030655135184e+00,        8.7646214714796855e-01,        1.7072633529328982e+00
        2017Aug,        1.2934975825372972e+00,        8.7650698286114448e-01,        1.7036818942870440e+00
        2017Sep,        1.2711535348651675e+00,        8.4571826109905146e-01,        1.6905641816562493e+00
        2017Oct,        1.2559228126252726e+00,        8.2038591036220510e-01,        1.6688360116462206e+00
        2017Nov,        1.3227169835112815e+00,        8.9138902209715809e-01,        1.7422786519641988e+00
        2017Dec,        1.3396518039989229e+00,        9.1511093895499229e-01,        1.7576031248161996e+00
        2018Jan,        1.3744801753973908e+00,        9.4967255271424733e-01,        1.8000332033527116e+00
        2018Feb,        1.3868856255531044e+00,        9.4625193540569796e-01,        1.8287820599455920e+00
        2018Mar,        1.3970744259586423e+00,        9.6205358705756083e-01,        1.8285482480747746e+00
        2018Apr,        1.3727143723713144e+00,        9.5678619615736693e-01,        1.7966987988276628e+00
        2018May,        1.3939535209495615e+00,        9.6766981434387134e-01,        1.8383372921559982e+00
        2018Jun,        1.3530927069156011e+00,        9.2379523975884581e-01,        1.7892981325511386e+00
        2018Jul,        1.3441620086352948e+00,        9.2295669513487155e-01,        1.7757802489704204e+00
        2018Aug,        1.3174378543804381e+00,        8.9154123631570315e-01,        1.7514937100273471e+00
        2018Sep,        1.3090537568366785e+00,        8.6553220639612505e-01,        1.7451929388836902e+00
        2018Oct,        1.3049840581958021e+00,        8.7730775686850393e-01,        1.7435363674045448e+00
        2018Nov,        1.2699118219504439e+00,        8.2067944599689824e-01,        1.7074323163356482e+00
        2018Dec,        1.2640943263576292e+00,        8.0848123260238935e-01,        1.7059896079717181e+00
        2019Jan,        1.3143682433308970e+00,        8.6539586815996472e-01,        1.7652945098705999e+00
        2019Feb,        1.3586986769440237e+00,        9.0963728594186222e-01,        1.8121450459273234e+00
        2019Mar,        1.4298982323375595e+00,        9.6757842745815026e-01,        1.9120273052739165e+00
        2019Apr,        1.4761299029469324e+00,        1.0135331128287959e+00,        1.9645907308737947e+00
        2019May,        1.4410113294837137e+00,        9.8726350671817897e-01,        1.9242002369036300e+00
        2019Jun,        1.4356903728395336e+00,        9.7601325552508200e-01,        1.9165454930091528e+00
        2019Jul,        1.4306615527262185e+00,        9.6749278085028756e-01,        1.9171483464058667e+00
        2019Aug,        1.4168638634158999e+00,        9.3439417055433349e-01,        1.9146600928188562e+00
        2019Sep,        1.3770716319254372e+00,        8.7880275558827492e-01,        1.8766423328060995e+00
        2019Oct,        1.3337423101256318e+00,        8.3580236410313091e-01,        1.8326911287202989e+00
        2019Nov,        1.2929200170060431e+00,        7.6955901432701523e-01,        1.8055463862920575e+00
        2019Dec,        1.2563974470435599e+00,        7.2496601275559325e-01,        1.7832195037599305e+00
        2020Jan,        1.2139213403501681e+00,        6.5325709190435077e-01,        1.7693273049615996e+00
        2020Feb,        1.1891545779026194e+00,        5.9652699568118805e-01,        1.7609232289487409e+00
        2020Mar,        1.1690727042140032e+00,        5.3670257487681283e-01,        1.7548654591521853e+00
        2020Apr,        1.1764500760448315e+00,        5.5257284274159701e-01,        1.7824211198475268e+00
        2020May,        1.1404567421963505e+00,        4.8115483571563544e-01,        1.7586969683957676e+00
        2020Jun,        1.1254640018952242e+00,        4.3869544992728038e-01,        1.7693047266875794e+00
        2020Jul,        1.0908932269965645e+00,        3.8903358715977099e-01,        1.7499783019923782e+00
        2020Aug,        1.0907399356584140e+00,        3.5496013908189639e-01,        1.7581346645654037e+00
        2020Sep,        1.1417993193240170e+00,        3.9644059855538671e-01,        1.8453997216197422e+00
        2020Oct,        1.2039902623222209e+00,        4.7474554004243430e-01,        1.9264533079839765e+00
        2020Nov,        1.2499881185344859e+00,        4.9883258433501787e-01,        2.0049729555633675e+00
        2020Dec,        1.2932066032904284e+00,        5.4238286674139147e-01,        2.0754250558048035e+00
        2021Jan,        1.3338756793128845e+00,        5.5197684389716883e-01,        2.1491535065420919e+00
        2021Feb,        1.2904434651215777e+00,        4.9410746416295126e-01,        2.1071112341484053e+00
        2021Mar,        1.2785369256290815e+00,        4.5280322847151666e-01,        2.1302045828813192e+00
        2021Apr,        1.2708455492855419e+00,        4.2266914747574802e-01,        2.1513289336123336e+00
        2021May,        1.2763449518610319e+00,        3.9654716989146621e-01,        2.1927492490680009e+00

